{"cameraMode":{"drawMode":0,"name":"Shaded","section":"Shading Mode"},"sceneLighting":false,"audioPlay":false,"sceneViewState":{"m_AlwaysRefresh":false,"showFog":true,"showSkybox":false,"showFlares":true,"showImageEffects":true,"showParticleSystems":true,"showVisualEffectGraphs":true,"m_FxEnabled":true},"in2DMode":false,"pivot":{"x":0.03999999165534973,"y":-1.6799999475479127,"z":-0.019999980926513673},"rotation":{"x":0.2241344302892685,"y":0.1354360580444336,"z":-0.031469523906707767,"w":0.9645944237709045},"size":1.4361406564712525,"orthographic":false}